,City,Cloudiness,Country,Date,Humidity,Lat,Lng,Max Temp,Wind Speed
0,Nipawin,90,CA,1577731156,100,53.36,-104.02,17.6,2.24
1,Sorland,75,NO,1577731293,64,67.67,12.69,39.2,20.8
2,Bredasdorp,87,ZA,1577731245,63,-34.53,20.04,66.2,5.82
3,Tuatapere,24,NZ,1577731296,94,-46.13,167.69,51.01,3.0
4,Mancora,40,PE,1577731297,100,-4.1,-81.05,62.6,10.29
5,Punta Arenas,40,CL,1577731298,44,-53.16,-70.91,59.0,31.09
6,Kasongo-Lunda,88,CD,1577731300,88,-6.48,16.82,70.59,0.98
7,Arraial do Cabo,40,BR,1577731301,74,-22.97,-42.02,82.4,13.87
8,La Ronge,90,CA,1577731302,92,55.1,-105.3,19.4,5.82
9,Mtsamboro,99,YT,1577731304,88,-12.7,45.07,82.4,6.93
10,Pevek,100,RU,1577731238,98,69.7,170.27,-21.53,6.71
11,Sistranda,75,NO,1577731309,87,63.73,8.83,45.0,25.28
12,Victoria,75,BN,1577731262,88,5.28,115.24,80.6,16.22
13,Hilo,75,US,1577731251,77,19.71,-155.08,72.0,6.93
14,Leningradskiy,100,RU,1577731313,94,69.38,178.42,-19.39,21.25
15,Vung Tau,27,VN,1577731314,79,10.35,107.08,78.13,14.05
16,Avera,1,US,1577731315,39,33.19,-82.53,66.99,10.29
17,Portland,90,US,1577731116,85,43.66,-70.25,28.0,9.17
18,Ushuaia,40,AR,1577731265,39,-54.81,-68.31,62.6,13.87
19,Ballina,75,IE,1577731319,93,54.11,-9.15,46.0,8.05
20,Zhigansk,100,RU,1577731320,94,66.77,123.37,-21.68,15.32
21,Vaini,17,IN,1577731244,91,15.34,74.49,65.97,3.27
22,Chyhyryn,50,UA,1577731323,79,49.08,32.67,29.3,9.91
23,Yellowknife,90,CA,1577731324,77,62.45,-114.38,-2.0,18.34
24,Landau,25,DE,1577731326,59,51.34,9.08,37.0,6.93
25,Mataura,48,NZ,1577731328,94,-46.19,168.86,51.01,3.0
26,Kruisfontein,100,ZA,1577731330,87,-34.0,24.73,62.33,5.28
27,Aranos,72,NA,1577731331,40,-24.14,19.11,86.32,15.48
28,Christchurch,34,NZ,1577731148,82,-43.53,172.64,60.01,4.7
29,Esperance,0,AU,1577731237,81,-33.86,121.89,53.6,5.82
30,Rikitea,21,PF,1577731335,83,-23.12,-134.97,76.91,13.24
31,Hobart,61,AU,1577731331,47,-42.88,147.33,57.2,12.75
32,Busselton,0,AU,1577731337,52,-33.64,115.35,55.0,7.56
33,Khasan,97,RU,1577731338,51,42.43,130.64,2.68,23.58
34,Bluff,47,AU,1577731257,87,-23.58,149.07,69.35,7.31
35,Rawson,72,AR,1577731341,89,-43.3,-65.11,63.45,7.47
36,Albany,90,US,1577731236,69,42.65,-73.75,37.99,29.97
37,Naberera,66,TZ,1577731343,80,-4.2,36.93,70.23,7.92
38,Jamestown,17,AU,1577731344,76,-33.21,138.6,55.51,16.73
39,Margate,61,AU,1577731346,47,-43.03,147.26,57.2,12.75
40,Hermanus,97,ZA,1577731349,77,-34.42,19.24,64.99,3.0
41,Pangody,100,RU,1577731297,76,65.85,74.49,9.25,21.79
42,Cape Town,20,ZA,1577731268,77,-33.93,18.42,66.99,26.4
43,Talnakh,90,RU,1577731353,84,69.49,88.39,1.4,38.03
44,Touros,40,BR,1577731354,62,-5.2,-35.46,86.0,17.22
45,Airai,99,TL,1577731355,81,-8.93,125.41,68.0,3.76
46,Paracuru,75,BR,1577731356,83,-3.41,-39.03,86.0,5.82
47,Barrow,100,AR,1577731357,84,-38.31,-60.23,72.95,13.0
48,Altamira,73,BR,1577731359,93,-3.2,-52.21,79.97,3.31
49,Caravelas,53,BR,1577731360,59,-17.73,-39.27,84.87,9.62
50,Saint Anthony,1,US,1577731361,66,43.97,-111.68,24.8,3.36
51,Atuona,32,PF,1577731362,75,-9.8,-139.03,80.17,15.93
52,Faya,28,SA,1577731364,87,18.39,42.45,57.2,3.36
53,Salina Cruz,23,MX,1577731366,73,16.18,-95.2,82.09,26.78
54,Planadas,40,CO,1577731368,46,3.2,-75.65,93.2,3.36
55,Lyuban,100,BY,1577731370,58,52.8,28.0,34.3,16.11
56,Seoul,75,KR,1577731163,57,37.57,126.98,21.2,4.7
57,Biloela,0,AU,1577731372,86,-24.4,150.51,64.45,2.71
58,Kaitangata,11,NZ,1577731374,78,-46.28,169.85,57.0,1.99
59,Puerto Ayora,40,EC,1577731375,65,-0.74,-90.35,82.4,11.41
60,Bethel,75,US,1577731376,76,60.79,-161.76,-7.6,4.7
61,Duekoue,100,CI,1577731378,28,6.74,-7.35,84.99,0.04
62,Andilamena,85,MG,1577731379,91,-17.01,48.57,70.25,3.78
63,Mount Gambier,52,AU,1577731380,87,-37.83,140.78,50.0,6.93
64,Flin Flon,90,CA,1577731381,100,54.77,-101.88,19.4,4.7
65,Luwuk,27,ID,1577731383,74,-0.95,122.79,81.07,4.88
66,Kulhudhuffushi,100,MV,1577731286,76,6.62,73.07,82.09,11.45
67,Hemsedal,22,NO,1577731386,80,60.86,8.55,37.99,5.99
68,Halifax,75,CA,1577731282,74,44.65,-63.58,34.0,10.29
69,Malazgirt,0,TR,1577731390,73,39.15,42.54,22.37,2.01
70,Dingle,45,PH,1577731265,92,11.0,122.67,73.02,10.33
71,Toora-Khem,84,RU,1577731392,89,52.47,96.11,-10.21,1.32
72,Glenwood Springs,1,US,1577731394,70,39.55,-107.33,17.6,3.36
73,Tamandare,98,BR,1577731395,62,-8.28,-70.75,85.12,4.72
74,Mocuba,94,MZ,1577731396,97,-16.84,36.99,75.97,4.32
75,Chumikan,100,RU,1577731398,96,54.72,135.31,-6.61,11.86
76,Bowen,57,AU,1577731399,94,-20.01,148.25,72.0,5.82
77,Karratha,20,AU,1577731400,85,-20.74,116.85,84.79,13.06
78,Kieta,55,PG,1577731401,76,-6.22,155.63,79.9,7.45
79,Belyy Yar,40,RU,1577731402,71,53.6,91.39,3.2,3.27
80,Hamilton,75,CA,1577731217,70,43.26,-79.87,50.0,33.33
81,Saint-Joseph,90,FR,1577731405,93,43.56,6.97,50.0,3.36
82,Methven,39,NZ,1577731408,91,-43.63,171.65,60.01,1.99
83,Chapais,75,CA,1577731309,72,49.78,-74.86,12.2,11.41
84,Georgetown,20,GY,1577731358,70,6.8,-58.16,86.0,11.41
85,U Thong,100,TH,1577731218,54,14.38,99.89,74.37,5.32
86,Burnie,83,AU,1577731413,60,-41.05,145.91,55.99,11.01
87,Alekseyevka,90,RU,1577731414,92,53.25,50.49,19.4,15.66
88,Itarema,88,BR,1577731416,52,-2.92,-39.92,88.2,11.65
89,Karata,60,RU,1577731417,80,42.6,46.34,24.96,0.85
90,Thompson,90,CA,1577731418,92,55.74,-97.86,14.0,8.05
91,Port Alfred,33,ZA,1577731420,88,-33.59,26.89,68.0,1.01
92,Broken Hill,49,AU,1577731421,52,-31.97,141.45,69.8,25.28
93,Miandrivazo,75,MG,1577731422,81,-19.53,45.46,80.65,9.37
94,Paita,40,PE,1577731423,100,-5.09,-81.11,62.6,10.29
95,Casablanca,0,MA,1577731261,82,33.6,-7.62,60.8,6.93
96,Iqaluit,90,CA,1577731426,72,63.75,-68.52,15.8,16.11
97,Qaanaaq,59,GL,1577731429,94,77.48,-69.36,-28.61,14.18
98,Virovitica,0,HR,1577731430,86,45.83,17.39,27.0,4.7
99,Svetlogorsk,30,RU,1577731431,76,53.14,59.15,-4.0,4.47
100,Rovnoye,1,RU,1577731432,77,50.78,46.06,24.24,11.21
101,Tasiilaq,98,GL,1577731248,62,65.61,-37.64,24.8,4.7
102,Berlevag,75,NO,1577731272,68,70.86,29.09,26.6,28.86
103,Vostok,100,RU,1577731436,99,46.45,135.83,-14.26,3.87
104,Saint George,75,GR,1577731273,69,39.45,22.34,39.2,8.05
105,Manta,0,RO,1577731438,68,45.1,24.1,28.15,3.31
106,Nome,1,US,1577731440,41,30.04,-94.42,62.01,11.41
107,Castro,40,CL,1577731249,59,-42.48,-73.76,66.2,6.93
108,Port Elizabeth,90,US,1577731442,93,39.31,-74.98,69.01,8.05
109,Arlit,0,NE,1577731443,16,18.74,7.39,68.16,12.12
110,Sault Sainte Marie,90,CA,1577731445,97,46.49,-84.36,32.0,6.93
111,Den Helder,0,NL,1577731448,100,52.96,4.76,46.4,19.46
112,Codrington,86,AU,1577731449,93,-28.95,153.24,69.01,4.7
113,Chuy,36,UY,1577731451,60,-33.69,-53.46,85.53,9.51
114,New Norfolk,53,AU,1577731234,47,-42.78,147.06,57.2,12.75
115,Saskylakh,0,RU,1577731453,88,71.97,114.09,-32.15,8.75
116,Hasaki,75,JP,1577731455,87,35.73,140.83,43.0,2.24
117,Cherskiy,34,RU,1577731237,98,68.75,161.3,-34.4,4.07
118,Taft,0,PH,1577731457,80,11.9,125.42,80.37,14.2
119,Temerloh,2,MY,1577731233,93,3.45,102.42,71.53,2.15
120,Lebu,22,ET,1577731460,65,8.96,38.73,55.92,5.26
121,Vacha,20,DE,1577731461,59,50.83,10.02,39.0,9.17
122,Axim,20,GH,1577731462,71,4.87,-2.24,82.0,6.11
123,Saint-Pierre,3,FR,1577731463,60,48.95,4.24,33.8,9.17
124,River Falls,90,US,1577731464,98,44.86,-92.63,33.01,16.11
125,Lobito,31,AO,1577731466,81,-12.35,13.55,78.26,4.09
126,Ponta do Sol,75,BR,1577731469,54,-20.63,-46.0,80.35,3.76
127,Praxedis Guerrero,5,MX,1577731470,34,31.37,-106.02,41.0,5.82
128,Ancud,40,CL,1577731358,59,-41.87,-73.83,66.2,6.93
129,Poum,20,MK,1577731472,63,41.28,20.71,28.4,10.29
130,Faanui,100,PF,1577731242,77,-16.48,-151.75,80.89,13.35
131,Kapaa,1,US,1577731475,94,22.08,-159.32,71.01,4.7
132,Luau,99,CD,1577731307,97,-10.7,22.23,68.72,3.24
133,Vanavara,100,RU,1577731477,97,60.35,102.28,-11.33,8.03
134,Yulara,100,AU,1577731479,73,-25.24,130.99,75.2,8.05
135,Fortuna,1,US,1577731480,100,40.6,-124.16,48.2,3.36
136,Tateyama,92,JP,1577731481,65,36.66,137.31,55.0,3.0
137,Tungawan,72,PH,1577731482,79,7.6,122.42,79.97,7.45
138,Salvador,40,BR,1577731484,66,-12.98,-38.48,84.2,12.75
139,Saint-Philippe,90,CA,1577731486,86,45.36,-73.48,33.01,18.34
140,Sao Filipe,2,CV,1577731488,61,14.9,-24.5,76.19,11.45
141,Geraldton,90,CA,1577731490,85,49.72,-86.95,17.6,12.75
142,Ixtapa,5,MX,1577731491,61,20.71,-105.21,79.0,4.7
143,Upernavik,100,GL,1577731272,95,72.79,-56.15,17.38,9.78
144,Bima,82,ID,1577731493,92,-8.45,118.73,74.05,1.52
145,Port Hedland,19,AU,1577731495,74,-20.31,118.58,86.0,11.41
146,Belmonte,0,PT,1577731496,19,40.36,-7.35,50.0,5.01
147,Staraya Mayna,90,RU,1577731497,85,54.61,48.93,24.8,17.9
148,Saldanha,0,PT,1577731498,61,41.42,-6.55,44.11,0.58
149,Norman Wells,75,CA,1577731326,75,65.28,-126.83,-13.0,3.36
150,Hithadhoo,14,MV,1577731501,77,-0.6,73.08,82.13,9.1
151,Gasa,0,BT,1577731502,80,27.91,89.73,8.46,4.59
152,Luderitz,4,NA,1577731503,77,-26.65,15.16,68.0,17.22
153,Vagur,79,FO,1577731505,73,61.47,-6.81,43.75,18.37
154,Yakeshi,52,CN,1577731509,99,49.28,120.73,-26.34,5.37
155,Vao,100,EE,1577731510,93,59.1,26.19,41.45,9.51
156,Gat,37,SN,1577731511,23,14.69,-16.54,93.2,6.93
157,Avarua,100,CK,1577731212,78,-21.21,-159.78,77.0,4.7
158,Mahajanga,20,MG,1577731513,78,-15.72,46.32,82.4,5.82
159,Half Moon Bay,1,US,1577731515,62,37.46,-122.43,55.4,8.05
160,Tautira,75,PF,1577731516,70,-17.73,-149.15,84.2,13.87
161,Alofi,100,NU,1577731223,89,-19.06,-169.92,79.07,14.5
162,Birao,0,CF,1577731519,17,10.3,22.78,74.8,9.17
163,Saintes,0,FR,1577731520,87,45.74,-0.63,44.6,3.36
164,Richards Bay,24,ZA,1577731521,84,-28.77,32.06,76.96,15.99
165,Butaritari,100,KI,1577731523,73,3.07,172.79,83.39,11.54
166,Sitka,0,US,1577731286,43,37.17,-99.65,39.99,15.01
167,Segovia,0,ES,1577731526,75,40.95,-4.12,50.0,1.9
168,Donegal,75,IE,1577731529,70,54.65,-8.11,44.6,5.82
169,Souillac,0,FR,1577731530,87,45.6,-0.6,44.6,3.36
170,Ketchikan,90,US,1577731531,87,55.34,-131.65,42.8,23.04
171,Petropavlovsk-Kamchatskiy,64,RU,1577731532,77,53.05,158.65,3.2,11.18
172,Chik,90,RU,1577731533,84,54.99,82.44,6.8,2.24
173,Jintur,53,IN,1577731535,63,19.61,76.69,65.89,12.17
174,Samoded,98,RU,1577731536,97,63.61,40.52,34.34,8.72
175,Verkhnyaya Inta,100,RU,1577731537,82,65.99,60.32,13.24,13.96
176,Belaya Gora,0,RU,1577731538,77,68.54,146.19,-31.83,1.7
177,Maldonado,90,UY,1577731526,66,-34.91,-54.96,84.2,13.87
178,Los Llanos de Aridane,98,ES,1577731541,73,28.66,-17.92,71.01,8.05
179,Atar,0,MR,1577731542,10,20.52,-13.05,75.54,12.26
180,Deputatskiy,17,RU,1577731295,68,69.3,139.9,-24.52,1.25
181,Acapulco,40,MX,1577731411,70,16.86,-99.88,86.0,4.7
182,Castanos,0,MX,1577731549,33,26.78,-101.42,54.79,6.06
183,San-Pedro,6,CI,1577731550,74,4.75,-6.64,83.23,11.68
184,San Carlos,100,NI,1577731551,61,11.12,-84.78,73.0,4.56
185,Kupang,98,ID,1577731552,74,-10.16,123.6,83.5,3.38
186,Praia da Vitoria,40,PT,1577731554,72,38.73,-27.07,60.8,18.48
187,Jinxiang,35,CN,1577731555,26,35.07,116.31,22.33,3.31
188,Humaita,40,AR,1577731556,40,-24.93,-65.37,89.6,4.7
189,Taklisah,40,TN,1577731558,62,36.78,10.63,51.8,13.87
190,Chokurdakh,10,RU,1577731559,79,70.62,147.9,-31.27,3.91
191,Klaksvik,47,FO,1577731560,70,62.23,-6.59,39.2,11.41
192,Mogadishu,0,SO,1577731561,82,2.04,45.34,81.01,20.54
193,Coihaique,20,CL,1577731301,40,-45.58,-72.07,69.8,8.05
194,Buluang,40,PH,1577731564,78,10.47,123.98,78.8,6.93
195,Paamiut,0,GL,1577731566,47,61.99,-49.67,19.71,9.4
196,Te Anau,0,NZ,1577731569,77,-45.41,167.72,50.97,5.08
197,Nishihara,75,JP,1577731570,75,35.74,139.53,46.99,6.93
198,Surt,69,LY,1577731572,67,31.21,16.59,50.2,7.54
199,Mar del Plata,0,AR,1577731560,34,-46.43,-67.52,70.84,15.79
200,Komsomolskiy,100,RU,1577731574,92,67.55,63.78,9.77,17.49
201,Boca Del Monte,40,GT,1577731575,47,14.55,-90.52,78.8,6.93
202,Atbasar,90,KZ,1577731576,97,51.81,68.36,-9.22,5.75
203,Inuvik,90,CA,1577731300,68,68.36,-133.71,-14.8,2.24
204,Toila,100,EE,1577731579,87,59.42,27.51,40.6,20.47
205,Taoudenni,0,ML,1577731580,24,22.68,-3.98,64.13,14.16
206,Charlottetown,90,CA,1577731581,81,46.23,-63.13,32.0,14.99
207,Bathsheba,40,BB,1577731583,66,13.22,-59.52,86.0,16.11
208,Port Lincoln,31,AU,1577731584,69,-34.72,135.86,58.98,10.27
209,Tuktoyaktuk,75,CA,1577731588,75,69.44,-133.03,-14.8,9.17
210,Pemba,100,MZ,1577731589,85,-12.97,40.52,80.35,15.5
211,Sola,90,TZ,1577731591,82,-3.17,33.8,67.96,2.59
212,Jiazi,75,CN,1577731592,100,19.61,110.49,69.8,8.95
213,Nikolskoye,90,RU,1577731594,93,59.7,30.79,41.0,13.42
214,Tiksi,100,RU,1577731595,86,71.64,128.87,-22.02,10.02
215,Lorengau,16,PG,1577731596,73,-2.02,147.27,82.27,5.7
216,Laguna,40,BZ,1577731597,70,16.17,-88.94,86.0,4.7
217,Hofn,1,IS,1577731598,74,64.25,-15.21,28.4,5.82
218,Kadhan,0,PK,1577731600,16,24.48,68.99,59.45,9.13
219,Alta Floresta,40,BR,1577731601,62,-9.87,-56.08,89.6,4.7
220,Nadaun,60,IN,1577731602,42,31.78,76.34,44.46,0.92
221,Waterloo,48,SL,1577731581,44,8.34,-13.07,89.26,3.0
222,Bambous Virieux,75,MU,1577731605,94,-20.34,57.76,79.0,27.51
223,Kjollefjord,75,NO,1577731606,68,70.95,27.35,28.4,28.86
224,Flinders,0,AU,1577731609,100,-34.58,150.85,70.0,12.46
225,Severo-Kurilsk,96,RU,1577731610,87,50.68,156.12,23.76,8.68
226,Fomboni,100,KM,1577731611,79,-12.28,43.74,84.04,12.19
227,Boa Vista,75,BR,1577731356,49,2.82,-60.67,89.6,11.41
228,Haines Junction,99,CA,1577731613,97,60.75,-137.51,21.63,10.04
229,Araouane,42,ML,1577731615,12,18.9,-3.53,70.99,10.74
230,San Quintin,3,PH,1577731616,89,17.54,120.52,72.19,4.36
231,Parana,75,BR,1577731617,70,-7.52,-72.89,87.8,6.93
232,Dikson,100,RU,1577731618,91,73.51,80.55,11.95,28.7
233,Ginir,0,ET,1577731620,49,7.14,40.71,59.45,5.12
234,Petropavl,98,KZ,1577731621,92,54.87,69.13,-7.71,2.68
235,Carnarvon,84,ZA,1577731622,14,-30.97,22.13,80.46,15.46
236,Dakar,30,SN,1577731459,54,14.69,-17.45,91.4,11.41
237,Vardo,40,US,1577731625,81,39.62,-77.74,60.01,8.05
238,Milkovo,24,BG,1577731627,55,41.53,24.68,44.01,11.41
239,Uni,87,RU,1577731629,91,57.75,51.49,12.87,14.38
240,San Andres,19,PH,1577731630,90,13.32,122.68,74.8,6.46
241,Coahuayana,0,MX,1577731631,34,18.62,-100.35,89.55,2.55
242,Carutapera,100,BR,1577731633,80,-1.2,-46.02,80.91,14.52
243,Denpasar,20,ID,1577731634,78,-8.65,115.22,82.4,2.24
244,Handan,0,CN,1577731635,19,36.58,114.48,17.49,3.4
245,Bialogard,33,PL,1577731636,85,54.01,15.99,37.99,13.76
246,Payson,90,US,1577731638,73,40.04,-111.73,32.0,0.76
247,North Bend,90,US,1577731639,100,43.41,-124.22,48.99,3.09
248,Vaasa,88,FI,1577731640,76,63.1,21.62,39.2,16.11
249,Palia Kalan,26,IN,1577731642,49,28.45,80.58,48.56,2.86
250,Bandarbeyla,2,SO,1577731643,83,9.49,50.81,79.45,19.24
251,Egvekinot,0,RU,1577731644,89,66.32,-179.17,-27.09,10.2
252,Wuxi,75,CN,1577731646,66,31.58,120.3,37.0,16.73
253,Lagoa,0,PT,1577731648,71,37.14,-8.45,57.2,5.82
254,Sijunjung,68,ID,1577731650,97,-0.69,100.95,70.93,1.45
255,Kristiansund,75,NO,1577731651,81,63.12,7.73,42.8,26.4
256,Nanortalik,0,GL,1577731652,66,60.14,-45.24,25.29,16.35
257,Narsaq,5,GL,1577731654,56,60.91,-46.05,15.8,4.7
258,Saint-Georges,100,CA,1577731655,68,46.12,-70.67,26.01,8.99
259,Sidi Ali,0,DZ,1577731656,76,36.1,0.42,50.27,4.47
260,Lewiston,90,US,1577731582,85,44.1,-70.21,27.0,9.17
261,East London,40,ZA,1577731658,88,-33.02,27.91,68.0,9.17
262,Kondinskoye,0,RU,1577731660,84,59.65,67.41,-4.0,10.65
263,San Cristobal,100,HN,1577731661,51,14.68,-86.92,82.29,4.09
264,Namibe,100,AO,1577731662,91,-15.19,12.15,73.98,7.56
265,Dengzhou,0,CN,1577731664,25,32.69,112.08,31.82,12.86
266,Chimbote,6,PE,1577731668,58,-9.08,-78.59,79.25,11.25
267,Teguise,0,ES,1577731669,77,29.06,-13.56,68.0,11.41
268,Lasa,75,CY,1577731671,67,34.92,32.53,62.6,20.8
269,Adrar,0,DZ,1577731672,39,27.87,-0.29,60.8,9.17
270,Katsuura,75,JP,1577731673,76,33.93,134.5,57.2,12.75
271,Ribeira Grande,40,PT,1577731674,67,38.52,-28.7,62.6,19.46
272,Hami,4,CN,1577731676,39,42.84,93.51,17.47,3.38
273,Port Keats,100,AU,1577731677,78,-14.25,129.55,84.58,5.53
274,Dingzhou,0,CN,1577731678,46,38.51,115.0,10.4,2.24
275,Patan,20,NP,1577731679,86,27.67,85.33,41.0,4.68
276,Khatanga,36,RU,1577731680,89,71.98,102.47,-25.83,8.28
277,Ventspils,90,LV,1577731682,100,57.39,21.56,44.6,19.46
278,Sioux Lookout,90,CA,1577731683,78,50.1,-91.92,17.6,6.93
279,Rorvik,75,NO,1577731684,81,64.86,11.24,42.8,24.16
280,Ilulissat,75,GL,1577731686,56,69.22,-51.1,14.0,11.41
281,Mnogovershinnyy,100,RU,1577731689,97,53.94,139.92,-10.23,2.93
282,Mumford,0,GH,1577731690,70,5.26,-0.76,82.4,8.81
283,Hambantota,40,LK,1577731691,100,6.12,81.12,77.0,3.36
284,Provideniya,0,RU,1577731692,84,64.42,-173.23,-21.73,9.28
285,Opoczno,100,PL,1577731694,71,51.38,20.29,43.0,18.39
286,Bowling Green,90,US,1577731442,69,36.99,-86.44,46.4,10.29
287,Aklavik,75,CA,1577731696,68,68.22,-135.01,-14.8,2.24
288,San Clemente,40,US,1577731532,35,33.43,-117.61,61.0,4.7
289,Salalah,75,OM,1577731699,88,17.01,54.1,77.0,3.36
290,Pacifica,1,US,1577731700,62,37.61,-122.49,55.4,8.05
291,Saryozek,100,KZ,1577731701,98,44.36,77.98,30.78,2.08
292,Amarante do Maranhao,91,BR,1577731692,51,-5.57,-46.74,89.73,0.49
293,Mayumba,53,GA,1577731704,80,-3.44,10.65,81.97,8.41
294,Tommot,100,RU,1577731706,97,58.97,126.27,-27.81,1.21
295,Bosaso,11,SO,1577731708,83,11.28,49.18,78.85,15.7
296,Galveston,96,US,1577731710,69,40.58,-86.19,35.6,16.11
297,Eirunepe,76,BR,1577731711,45,-6.66,-69.87,93.07,2.57
298,Muisne,75,EC,1577731712,66,0.61,-80.02,87.8,10.29
299,Cabra,0,ES,1577731714,76,37.47,-4.43,51.8,1.66
300,Necochea,100,AR,1577731715,80,-38.55,-58.74,70.47,13.18
301,Selaphum,49,TH,1577731716,74,16.03,103.94,71.02,15.26
302,Vallenar,0,CL,1577731717,48,-28.58,-70.76,73.96,12.73
303,Huambo,67,AO,1577731719,94,-12.78,15.73,63.97,5.79
304,Aswan,12,EG,1577731720,34,24.09,32.9,61.7,8.79
305,Borujerd,17,IR,1577731721,72,33.89,48.76,31.42,6.82
306,Ozinki,0,RU,1577731723,89,51.2,49.73,13.86,7.63
307,Fairbanks,90,US,1577731704,84,64.84,-147.72,7.0,5.82
308,Kavaratti,79,IN,1577731726,68,10.57,72.64,82.62,0.56
309,Maitum,81,PH,1577731728,75,6.06,124.5,77.85,3.27
310,Cascais,20,PT,1577731730,93,38.7,-9.42,57.0,3.36
311,Mahebourg,75,MU,1577731731,94,-20.41,57.7,79.0,27.51
312,Skoghall,99,SE,1577731732,70,59.32,13.47,45.0,9.17
313,Kodiak,90,US,1577731733,68,39.95,-94.76,33.01,20.8
314,Sinnamary,90,GF,1577731735,76,5.38,-52.96,79.86,18.66
315,Zabol,2,IR,1577731736,50,31.03,61.49,48.2,11.41
316,Sorong,100,ID,1577731737,94,-0.86,131.25,73.9,2.06
317,Ust-Nera,81,RU,1577731738,100,64.57,143.24,-34.38,2.04
318,Aguimes,51,ES,1577731739,40,27.91,-15.45,71.01,6.93
319,Broome,0,GB,1577731741,87,52.47,1.45,46.0,3.36
320,Barhi,0,IN,1577731742,93,24.31,85.42,41.0,3.29
321,Tura,25,RU,1577731744,91,64.27,100.22,-27.87,4.36
322,Middle Island,90,US,1577731746,87,40.88,-72.94,43.0,9.17
323,Ha Giang,100,VN,1577731749,84,22.83,104.99,58.86,1.19
324,Pacific Grove,1,US,1577731500,71,36.62,-121.92,55.99,8.05
325,Mazagao,75,BR,1577731751,89,-0.12,-51.29,84.2,9.17
326,Coquimbo,40,CL,1577731753,68,-29.95,-71.34,66.2,12.75
327,Salinas,1,US,1577731754,87,36.67,-121.66,55.99,3.8
328,Kutum,0,SD,1577731755,18,14.2,24.66,63.09,7.02
329,Sangar,0,RU,1577731756,96,63.92,127.47,-34.31,4.56
330,Cleveland,90,US,1577731670,69,41.51,-81.69,45.0,17.22
331,Makakilo City,20,US,1577731759,73,21.35,-158.09,78.01,4.7
332,Vershino-Darasunskiy,100,RU,1577731760,96,52.35,115.52,-15.38,2.95
333,Takoradi,0,GH,1577731762,75,4.89,-1.75,83.17,11.83
334,Tual,75,ID,1577731763,77,-5.67,132.75,83.43,8.77
335,Labytnangi,89,RU,1577731764,83,66.66,66.39,10.96,11.39
336,Myitkyina,17,MM,1577731766,61,25.38,97.4,53.08,3.98
337,Narragansett,90,US,1577731768,93,41.45,-71.45,39.2,21.92
338,Ocean Springs,1,US,1577731770,41,30.41,-88.83,61.0,9.17
339,Aksu,97,KZ,1577731771,84,52.04,76.93,1.4,8.95
340,Yumen,0,CN,1577731772,62,40.29,97.04,11.55,11.18
341,Chulman,98,RU,1577731774,100,56.84,124.9,-38.31,0.54
342,Abtenau,20,AT,1577731775,64,47.56,13.35,37.4,12.75
343,Kenai,90,US,1577731776,86,60.55,-151.26,33.8,18.34
344,Paciran,100,ID,1577731777,85,-6.9,112.33,76.28,4.59
345,Lompoc,1,US,1577731779,62,34.64,-120.46,60.01,6.93
346,Frankfort,90,US,1577731683,74,38.2,-84.87,45.0,19.46
347,Shelburne,90,CA,1577731781,93,44.08,-80.2,46.99,4.7
348,Padang,83,ID,1577731782,95,-0.92,100.36,68.47,4.79
349,Kotagiri,20,IN,1577731784,73,11.42,76.87,75.2,2.24
350,Greenville,1,US,1577731786,33,34.85,-82.4,66.2,11.41
351,Luanda,20,AO,1577731788,78,-8.83,13.24,82.4,10.29
352,Atikokan,100,CA,1577731790,90,48.76,-91.62,17.4,11.5
353,Cabo San Lucas,20,MX,1577731716,68,22.89,-109.91,72.0,5.82
354,Okakarara,100,NA,1577731792,68,-20.59,17.46,71.89,11.39
355,Formosa,45,BR,1577731793,68,-15.55,-47.33,79.52,2.59
356,Kerema,81,PG,1577731795,88,-7.96,145.78,75.16,2.15
357,Kahului,1,US,1577731606,72,20.89,-156.47,72.0,4.7
358,Biu,85,NG,1577731797,21,10.61,12.19,73.74,8.05
359,Shenzhen,20,CN,1577731704,77,22.54,114.05,72.0,12.75
360,Kavieng,8,PG,1577731800,71,-2.57,150.8,84.11,8.7
361,Inta,100,RU,1577731801,81,66.04,60.13,13.35,24.87
362,Kajaani,90,FI,1577731803,88,64.22,27.73,35.6,12.75
363,Ostrovnoy,100,RU,1577731804,82,68.05,39.51,28.4,18.32
364,Tshikapa,81,CD,1577731806,89,-6.42,20.79,72.45,2.15
365,Charters Towers,3,AU,1577731808,92,-20.07,146.27,71.22,3.78
366,Abadan,32,IR,1577731810,72,30.36,48.26,62.6,9.17
367,West Wendover,90,US,1577731811,86,40.74,-114.07,32.0,2.46
368,Bixby,1,US,1577731812,30,35.94,-95.88,46.99,13.87
369,Doka,21,SD,1577731814,22,13.52,35.76,78.13,8.97
370,Hokitika,22,NZ,1577731815,87,-42.72,170.96,56.55,4.38
371,Hibbing,90,US,1577731584,85,47.43,-92.94,23.0,16.11
372,Beringovskiy,30,RU,1577731818,96,63.05,179.32,-16.28,18.97
373,Bulawayo,33,ZW,1577731819,32,-20.16,28.59,79.95,10.98
374,Qaqortoq,5,GL,1577731820,56,60.72,-46.03,15.8,4.7
375,Haljala,97,EE,1577731821,79,59.43,26.27,41.43,15.84
376,Ashqelon,7,IL,1577731823,62,31.67,34.57,57.99,6.93
377,Lithgow,0,AU,1577731824,88,-33.48,150.16,77.0,4.25
378,Le Vauclin,20,MQ,1577731826,66,14.55,-60.84,86.0,14.99
379,Fuerte Olimpo,0,BR,1577731828,23,-21.04,-57.87,105.64,6.87
380,Thohoyandou,5,ZA,1577731830,50,-22.97,30.46,78.78,4.23
381,High Level,90,CA,1577731831,92,58.52,-117.13,5.0,5.82
382,Saurimo,76,AO,1577731832,94,-9.66,20.4,68.27,3.56
383,Yerbogachen,67,RU,1577731833,96,61.28,108.01,-14.06,8.95
384,Kalevala,98,FI,1577731835,88,64.12,29.58,34.11,10.89
385,San Luis,62,AR,1577731836,32,-33.3,-66.34,94.37,5.55
386,Mitsamiouli,20,KM,1577731837,88,-11.38,43.28,80.6,4.7
387,Bela,0,PK,1577731839,62,26.23,66.31,64.45,5.46
388,Merauke,23,ID,1577731840,89,-8.49,140.4,76.55,4.05
389,Marzuq,18,YE,1577731841,85,14.4,46.47,65.21,3.11
390,Whitehorse,75,CA,1577731843,95,60.72,-135.06,33.01,17.22
391,Tsabong,83,BW,1577731844,84,-26.02,22.4,71.96,26.64
392,Kharitonovo,100,RU,1577731846,94,61.4,47.5,22.82,11.95
393,Ganzhou,93,CN,1577731849,84,25.86,114.93,51.98,9.62
394,Balkhash,87,KZ,1577731850,86,46.84,74.98,9.59,6.64
395,Dunedin,0,NZ,1577731814,84,-45.87,170.5,55.99,8.01
396,Ambanja,100,MG,1577731853,89,-13.68,48.45,76.84,2.01
397,Ranong,0,TH,1577731854,77,9.96,98.62,78.46,7.63
398,Luganville,19,VU,1577731855,97,-15.51,167.18,71.6,1.21
399,Muzhi,100,RU,1577731856,66,65.4,64.7,15.37,25.77
400,Coronel Vivida,13,BR,1577731857,44,-25.98,-52.57,87.96,5.39
401,Bafra,90,TR,1577731859,93,41.57,35.91,48.2,3.36
402,Daru,79,PG,1577731860,90,-9.07,143.21,76.26,3.27
403,Never,0,RU,1577731861,94,53.98,124.16,-30.62,2.84
404,Ipira,45,BR,1577731862,31,-27.41,-51.77,95.29,6.15
405,Kargat,85,RU,1577731864,96,55.19,80.28,6.85,4.12
406,Basco,90,US,1577731865,64,40.33,-91.2,32.0,21.92
407,Ankang,46,CN,1577731869,61,32.73,108.99,37.15,2.71
408,Shirokiy,100,RU,1577731870,86,53.87,39.17,28.89,22.21
409,मलिम ६६७,0,NP,1577731871,59,26.88,88.04,41.34,4.88
410,Matay,0,EG,1577731872,45,28.42,30.79,46.94,5.73
411,Port Hardy,90,CA,1577731874,93,50.7,-127.42,44.6,6.93
412,Kaeo,5,NZ,1577731875,100,-35.1,173.78,62.01,1.01
413,Vapnyarka,39,UA,1577731876,87,48.53,28.74,26.01,7.76
414,Campbell River,90,CA,1577731878,93,50.02,-125.24,46.4,7.63
415,Sao Joao da Barra,20,BR,1577731879,58,-21.64,-41.05,86.0,13.87
416,Itapecerica,63,BR,1577731880,62,-20.47,-45.13,78.69,1.34
417,Jutai,68,BR,1577731881,88,-1.71,-47.89,81.66,3.78
418,Ust-Kuyga,80,RU,1577731882,81,70.0,135.55,-29.69,4.45
419,Zastron,73,ZA,1577731884,45,-30.3,27.08,72.52,8.55
420,Clyde River,90,CA,1577731886,83,70.47,-68.59,-4.0,26.4
421,Maningrida,100,AU,1577731888,78,-12.05,134.23,82.53,2.48
422,Mae Sai,21,MM,1577731890,100,20.44,99.89,60.8,2.75
423,Sribne,79,UA,1577731891,77,50.66,32.92,28.94,14.47
424,Cidreira,55,BR,1577731892,81,-30.17,-50.22,76.53,9.66
425,Cap Malheureux,75,MU,1577731893,94,-19.98,57.61,79.0,27.51
426,Thinadhoo,97,MV,1577731895,83,0.53,72.93,81.99,14.36
427,Kindu,99,CD,1577731896,98,-2.95,25.92,71.33,2.42
428,Naze,18,NG,1577731897,58,5.43,7.07,84.2,1.63
429,Keti Bandar,0,PK,1577731899,28,24.14,67.45,64.4,9.35
430,Concepcion del Oro,0,MX,1577731900,42,24.63,-101.42,60.35,14.58
431,Khash,0,IR,1577731901,39,28.22,61.21,49.28,2.1
432,Yicheng,0,CN,1577731902,42,31.71,112.27,36.1,9.15
433,Nova Olimpia,100,BR,1577731904,47,-14.8,-57.29,91.87,2.55
434,Wanning,59,AT,1577731905,92,48.64,13.53,36.0,1.12
435,Port Blair,28,IN,1577731744,78,11.67,92.75,81.36,14.18
436,Hobyo,3,SO,1577731910,77,5.35,48.53,79.3,17.0
437,Suntar,100,RU,1577731911,94,62.16,117.65,-14.53,5.79
438,Senador Jose Porfirio,65,BR,1577731912,70,-2.59,-51.95,84.06,3.87
439,Williamsburg,40,US,1577731914,69,37.27,-76.71,77.0,10.29
440,Isangel,35,VU,1577731915,88,-19.55,169.27,71.6,3.36
441,Vestmannaeyjar,90,IS,1577731916,86,63.44,-20.27,41.0,20.8
442,Kaka,21,TM,1577731918,91,37.35,59.62,41.09,6.13
443,Manzil Kamil,40,TN,1577731919,62,35.62,10.67,53.6,17.22
444,Krasnoborsk,98,RU,1577731920,89,61.56,45.93,23.67,10.56
445,Batemans Bay,5,AU,1577731922,81,-35.71,150.18,69.01,1.99
446,Asosa,73,ET,1577731923,29,10.07,34.53,74.26,6.38
447,Ambon,90,FR,1577731924,100,47.55,-2.56,36.0,1.12
448,Sirjan,0,IR,1577731926,48,29.44,55.67,47.55,2.01
449,The Valley,40,AI,1577731929,74,18.22,-63.06,84.0,6.93
450,Saiha,86,IN,1577731930,86,22.49,92.98,54.82,3.76
451,Rafsanjan,0,IR,1577731932,47,30.4,55.99,49.48,4.12
452,Lamu,57,CN,1577731933,41,35.77,102.37,14.86,1.54
453,Evensk,50,RU,1577731934,25,61.92,159.24,-15.68,2.66
454,Sozimskiy,100,RU,1577731936,88,59.74,52.25,12.49,14.97
455,Qena,73,EG,1577731938,55,26.16,32.72,60.8,6.71
456,Santa Ines,75,EC,1577731939,71,-0.82,-78.63,57.2,6.93
457,Novyy Urengoy,100,RU,1577731940,77,66.08,76.63,10.49,20.87
458,Lermontovka,100,RU,1577731942,97,47.15,134.34,-15.95,3.18
459,Ghanzi,43,BW,1577731943,55,-21.7,21.65,81.21,1.59
460,Cururupu,98,BR,1577731944,78,-1.82,-44.87,81.01,5.41
461,Staryy Nadym,99,RU,1577731946,74,65.61,72.68,7.68,15.08
462,San Vicente,100,EC,1577731948,81,-0.59,-80.41,77.09,7.09
463,Wukari,44,NG,1577731950,16,7.87,9.78,80.91,3.56
464,Vaitape,100,PF,1577731951,77,-16.52,-151.75,80.89,13.35
465,Bani Walid,95,LY,1577731952,70,31.76,14.0,46.92,8.43
466,Tecpan,40,GT,1577731953,47,14.76,-90.99,78.8,6.93
467,Alice Springs,40,AU,1577731955,61,-23.7,133.88,78.8,4.7
468,Torbat-e Jam,21,IR,1577731956,83,35.24,60.63,37.99,1.7
469,Baracoa,46,CU,1577731742,81,20.35,-74.5,79.99,16.2
470,Lazarev,76,RU,1577731958,85,52.23,141.51,-6.34,4.41
471,Scarborough,100,GB,1577731960,87,54.28,-0.41,50.0,13.87
472,Aligarh,0,IN,1577731961,45,27.88,78.07,46.15,4.23
473,Sirajganj,0,BD,1577731962,65,24.46,89.71,62.51,5.86
474,Olaine,90,LV,1577731963,93,56.79,23.93,44.6,8.05
475,Torbay,90,CA,1577731965,86,47.66,-52.73,34.0,27.51
476,Guerrero Negro,7,MX,1577731966,41,27.97,-114.04,60.76,4.36
477,Barabai,100,ID,1577731969,94,-2.59,115.38,75.58,0.85
478,Pangnirtung,90,CA,1577731970,92,66.15,-65.72,15.8,14.99
479,Baoro,69,CF,1577731971,24,5.69,15.95,77.99,3.8
480,Sandnessjoen,75,NO,1577731972,80,66.02,12.63,42.8,12.75
481,Kirovskiy,100,RU,1577731974,96,45.09,133.51,-10.75,7.38
482,Aosta,0,IT,1577731975,66,45.74,7.32,37.4,2.24
483,Ust-Omchug,100,RU,1577731976,78,61.13,149.63,-20.02,3.47
484,Pozo Colorado,100,PY,1577731977,30,-23.49,-58.8,101.32,5.82
485,Huilong,100,CN,1577731979,75,31.15,106.5,48.69,2.46
486,Guilin,75,CN,1577731980,81,25.28,110.29,53.6,4.47
487,Taganak,40,PH,1577731981,94,6.08,118.3,77.0,2.24
488,Fort Nelson,40,CA,1577731982,84,58.81,-122.69,-0.4,3.44
489,Quchan,14,IR,1577731984,75,37.11,58.51,31.95,1.43
490,Camabatela,75,AO,1577731985,86,-8.19,15.37,65.05,3.89
491,Port Victoria,10,AU,1577732053,71,-34.5,137.49,60.66,17.29
492,Monze,100,ZM,1577732054,86,-16.28,27.48,70.25,1.9
493,Sabha,0,LY,1577732056,50,27.03,14.43,43.61,1.79
494,Longyearbyen,0,NO,1577732057,65,78.22,15.63,3.2,6.93
495,Port-Gentil,20,GA,1577732058,83,-0.72,8.78,82.4,5.82
496,Staroye Drozhzhanoye,93,RU,1577732059,90,54.73,47.56,18.21,18.37
497,Elizabeth City,75,US,1577732025,73,36.3,-76.22,77.0,14.99
498,Portel,60,BR,1577732044,88,-1.94,-50.82,82.17,3.58
499,Biak,27,ID,1577732063,74,-0.91,122.88,81.07,4.88
500,Iranshahr,0,IR,1577732065,39,27.21,60.69,57.2,0.87
501,Praia,75,BR,1577732066,35,-20.25,-43.81,87.8,4.7
502,Mlimba,100,TZ,1577732069,95,-8.78,35.81,74.17,2.51
503,Waipawa,31,NZ,1577732070,77,-39.94,176.59,60.01,3.02
504,Bucerias,5,MX,1577732071,61,20.76,-105.33,78.8,4.7
505,Oskarshamn,100,SE,1577732073,87,57.26,16.44,48.2,17.22
506,Vila Franca do Campo,75,PT,1577732074,67,37.72,-25.43,60.8,14.99
507,Petropavlovka,0,RU,1577732075,82,50.61,105.32,-19.64,2.06
508,Magaria,0,NE,1577732076,16,13.0,8.91,68.81,8.34
509,Pochutla,40,MX,1577732078,62,15.74,-96.47,87.01,4.63
510,Yenagoa,72,NG,1577732079,57,4.92,6.26,84.18,10.42
511,Mweka,72,CD,1577732080,78,-4.85,21.56,73.31,1.86
512,Rocha,31,UY,1577731886,49,-34.48,-54.34,89.64,13.04
513,Erzin,75,TR,1577732082,100,36.95,36.2,50.0,9.17
514,Parkes,0,AU,1577732084,25,-33.14,148.18,75.11,11.16
515,Sarangani,97,PH,1577732086,73,5.4,125.46,82.67,16.93
516,Ibra,0,OM,1577732088,72,22.69,58.55,68.31,11.74
517,Escanaba,90,US,1577732090,86,45.75,-87.06,34.0,5.82
518,Gornopravdinsk,10,RU,1577732091,86,60.06,69.92,-4.54,7.81
519,Marawi,77,PH,1577732092,90,8.0,124.29,73.99,5.99
520,Koygorodok,100,RU,1577732094,92,60.44,51.01,17.02,14.14
521,Gelemso,62,ET,1577732095,50,8.81,40.52,67.14,5.01
522,Yeppoon,75,AU,1577732096,78,-23.13,150.74,73.4,5.82
523,Dabat,44,ET,1577732097,33,12.98,37.77,60.58,9.33
524,Northam,0,AU,1577732099,82,-31.65,116.67,59.0,5.82
525,Jaisalmer,0,IN,1577732100,17,26.91,70.91,55.2,7.56
526,Olga,40,US,1577732101,40,34.11,-118.17,61.0,11.41
527,Arroyo,75,BO,1577732103,66,-11.08,-66.08,87.8,11.41
528,Walvis Bay,44,NA,1577732104,72,-22.95,14.51,66.2,16.11
529,Ulladulla,8,AU,1577732106,100,-35.36,150.48,60.8,10.6
530,Ibia,72,NG,1577732109,57,5.18,6.32,84.18,10.42
531,Manaus,40,BR,1577732110,74,-3.13,-59.98,84.2,4.7
532,Phalodi,0,IN,1577732111,22,27.13,72.36,56.03,8.7
533,Rizhao,8,CN,1577732113,55,35.43,119.46,22.59,10.8
534,Katete,96,UG,1577732114,81,-0.78,29.75,59.43,3.47
535,Aniva,90,RU,1577732115,100,46.71,142.53,24.8,20.94
536,Oktyabrskoye,20,RU,1577732116,84,56.73,85.44,5.0,4.07
537,Beregovoy,0,RU,1577732118,81,46.66,38.11,35.13,8.03
538,Bayan,57,CN,1577732119,41,36.1,102.26,14.86,1.54
539,Harper,1,US,1577732120,30,30.3,-99.24,60.01,4.7
540,Tutoia,75,BR,1577732121,70,-2.76,-42.27,86.0,16.11
541,Hovd,75,NO,1577732122,81,63.83,10.7,45.0,26.4
542,Collie,0,AU,1577732124,52,-33.36,116.15,55.0,3.42
543,Quelimane,40,MZ,1577732104,83,-17.88,36.89,84.2,5.82
544,Fujin,58,CN,1577732128,86,47.24,132.03,-14.51,13.29
545,Nalut,64,LY,1577732129,67,31.86,10.98,46.26,8.43
546,Noumea,90,NC,1577732131,88,-22.28,166.46,78.01,2.24
